ticker,name,seller,account,manager,asset,strategy,region
K55101BT4402,한국투자TDF알아서2030증권투자신탁(주식혼합-재간접형)(C-Re),기업은행,퇴직연금,한국투자,주식혼합,TDF,글로벌
K55101BT4428,한국투자TDF알아서2035증권투자신탁(주식혼합-재간접형)(C-Re),기업은행,퇴직연금,한국투자,주식혼합,TDF,글로벌
K55101BT4444,한국투자TDF알아서2045증권투자신탁(주식혼합-재간접형)(C-Re),기업은행,퇴직연금,한국투자,주식혼합,TDF,글로벌
K55101BT7397,한국투자TDF알아서2040증권투자신탁(주식혼합-재간접형)(C-Re),기업은행,퇴직연금,한국투자,주식혼합,TDF,글로벌
K55101BY3944,한국투자TIF알아서평생소득증권자투자신탁(채권혼합-재간접형)(C-Re),기업은행,퇴직연금,한국투자,채권혼합,TIF,글로벌
K55101CU1644,한국투자TDF알아서2050증권자투자신탁H(주식혼합-재간접형)(C-Re),기업은행,퇴직연금,한국투자,주식혼합,TDF,글로벌
K55105BS5067,삼성한국형TDF2040증권투자신탁H[주식혼합-재간접형]C-Pe,기업은행,퇴직연금,삼성,주식혼합,TDF,글로벌
K55105BT9910,삼성한국형TDF2045증권투자신탁H[주식혼합-재간접형]Cpe(퇴직연금),기업은행,퇴직연금,삼성,주식혼합,TDF,글로벌
K55105BT9936,삼성한국형TDF2035증권투자신탁H[주식혼합-재간접형]Cpe(퇴직연금),기업은행,퇴직연금,삼성,주식혼합,TDF,글로벌
K55105BU1161,삼성한국형TDF2030증권투자신탁H[주식혼합-재간접형]Cpe(퇴직연금),기업은행,퇴직연금,삼성,주식혼합,TDF,글로벌
K55105CK1592,삼성한국형TDF2050증권투자신탁H[주식혼합-재간접형]Cpe(퇴직연금),기업은행,퇴직연금,삼성,주식혼합,TDF,글로벌
K55203C53681,대신KOSPI200인덱스증권자투자신탁(주식-파생형)CPe,기업은행,퇴직연금,대신,주식,인덱스,국내
K55206C95800,키움키워드림TDF2030증권투자신탁 1[혼합-재간접형]C-P2e(퇴직연금),기업은행,퇴직연금,키움,혼합,TDF,글로벌
K55206C95974,키움키워드림TDF2035증권투자신탁 1[혼합-재간접형]C-P2e (퇴직연금),기업은행,퇴직연금,키움,혼합,TDF,글로벌
K55206C96121,키움키워드림TDF2040증권투자신탁 1[혼합-재간접형]C-P2e(퇴직연금),기업은행,퇴직연금,키움,혼합,TDF,글로벌
K55206C96311,키움키워드림TDF2045증권투자신탁 1[혼합-재간접형]C-P2e(퇴직연금),기업은행,퇴직연금,키움,혼합,TDF,글로벌
K55206DW8004,키움키워드림TDF2030증권투자신탁 1[혼합-재간접형]O(퇴직연금),기업은행,퇴직연금,키움,혼합,TDF,글로벌
K55207BU0715,교보악사파워인덱스증권자투자신탁1호(주식)C-Pe,기업은행,퇴직연금,교보악사,주식,인덱스,국내
K55210BU2385,신한마음편한TDF2030증권투자신탁[주식혼합-재간접형](종류C-re),기업은행,퇴직연금,신한,주식혼합,TDF,글로벌
K55210BU2419,신한마음편한TDF2035증권투자신탁[주식혼합-재간접형](종류C-re),기업은행,퇴직연금,신한,주식혼합,TDF,글로벌
K55210BU2435,신한마음편한TDF2040증권투자신탁[주식혼합-재간접형](종류C-re),기업은행,퇴직연금,신한,주식혼합,TDF,글로벌
K55210BU2450,신한마음편한TDF2045증권투자신탁[주식혼합-재간접형](종류C-re),기업은행,퇴직연금,신한,주식혼합,TDF,글로벌
K55210CO3828,신한마음편한TDF2050증권투자신탁[주식혼합-재간접형](종류C-re),기업은행,퇴직연금,신한,주식혼합,TDF,글로벌
K55213C50702,한화LIFEPLUSTDF2045증권투자신탁(혼합-재간접형)C-RPE(퇴직연금),기업은행,퇴직연금,한화,혼합,TDF,글로벌
K55213C51064,한화LIFEPLUSTDF2030증권자투자신탁(혼합-재간접형)종류C-RPE(퇴직연금),기업은행,퇴직연금,한화,혼합,TDF,글로벌
K55213C51718,한화LIFEPLUSTDF2035증권투자신탁(혼합-재간접형)C-RPE(퇴직연금),기업은행,퇴직연금,한화,혼합,TDF,글로벌
K55213C51890,한화LIFEPLUSTDF2040증권자투자신탁(혼합-재간접형)C-RPe(퇴직연금),기업은행,퇴직연금,한화,혼합,TDF,글로벌
K55223BT1096,KB온국민TDF2030증권투자신탁(주식혼합-재간접형)C-퇴직e,기업은행,퇴직연금,KB,주식혼합,TDF,글로벌
K55223BT1278,KB온국민TDF2035증권투자신탁(주식혼합-재간접형)C-퇴직e,기업은행,퇴직연금,KB,주식혼합,TDF,글로벌
K55223BT1450,KB온국민TDF2040증권투자신탁(주식혼합-재간접형)C-퇴직e,기업은행,퇴직연금,KB,주식혼합,TDF,글로벌
K55223BT1757,KB온국민TDF2045증권투자신탁(주식혼합-재간접형)C-퇴직e,기업은행,퇴직연금,KB,주식혼합,TDF,글로벌
K55223BT1922,KB온국민TDF2050증권자투자신탁(주식혼합-재간접형)(H)C-퇴직e,기업은행,퇴직연금,KB,주식혼합,TDF,글로벌
K55234BY9966,IBK베트남플러스아시아증권투자신탁[주식]종류C-Re,기업은행,퇴직연금,IBK,주식,주식,베트남
K55234CJ0997,IBK플레인바닐라EMP증권투자신탁(혼합-재간접형)C-Re,기업은행,퇴직연금,IBK,혼합,EMP,글로벌
K55234DF2459,IBK로우코스트TDF2035증권자투자신탁[혼합-재간접형]종류C-Re,기업은행,퇴직연금,IBK,혼합,TDF,글로벌
K55234DF2657,IBK로우코스트TDF2030증권자투자신탁[혼합-재간접형]종류C-Re,기업은행,퇴직연금,IBK,혼합,TDF,글로벌
K55234DF2822,IBK로우코스트TDF2040증권자투자신탁[혼합-재간접형]종류C-Re,기업은행,퇴직연금,IBK,혼합,TDF,글로벌
K55234DF2988,IBK로우코스트TDF2045증권자투자신탁[혼합-재간접형]종류C-Re,기업은행,퇴직연금,IBK,혼합,TDF,글로벌
K55234DF3150,IBK로우코스트TDF2050증권자투자신탁[혼합-재간접형]종류C-Re,기업은행,퇴직연금,IBK,혼합,TDF,글로벌
K55234DF3317,IBK로우코스트TDF2055증권자투자신탁[혼합-재간접형]종류C-Re,기업은행,퇴직연금,IBK,혼합,TDF,글로벌
K55235BW6799,피델리티아시아증권자투자신탁(주식)CP-e,기업은행,퇴직연금,피델리티,주식,주식,아시아
K55301BU5453,미래에셋평생소득TIF혼합자산자투자신탁종류C-P2e,기업은행,퇴직연금,미래에셋,혼합,TIF,글로벌
K55301BU5479,미래에셋전략배분TDF2045혼합자산자투자신탁 종류C-P2e,기업은행,퇴직연금,미래에셋,혼합,TDF,글로벌
K55301BU6113,미래에셋전략배분TDF2030혼합자산자투자신탁 종류C-P2e,기업은행,퇴직연금,미래에셋,혼합,TDF,글로벌
K55301BU6139,미래에셋전략배분TDF2035혼합자산자투자신탁종류C-P2e,기업은행,퇴직연금,미래에셋,혼합,TDF,글로벌
K55301BU6253,미래에셋전략배분TDF2040혼합자산자투자신탁 종류C-P2e,기업은행,퇴직연금,미래에셋,혼합,TDF,글로벌
K55301D51370,미래에셋전략배분TDF2050혼합자산자투자신탁종류C-P2e,기업은행,퇴직연금,미래에셋,혼합,TDF,글로벌
K55301DW1763,미래에셋전략배분TDF2035혼합자산자투자신탁종류O,기업은행,퇴직연금,미래에셋,혼합,TDF,글로벌
K55303BT4176,마이다스아시아리더스성장주연금증권자투자신탁(UH)(주식)C-Pe2,기업은행,퇴직연금,마이다스,주식,주식,아시아
K55364CF7048,에셋플러스슈퍼아시아리치투게더증권자투자신탁 1(주식)종류C-P2e,기업은행,퇴직연금,에셋플러스,주식,주식,아시아
K55365BT3694,kcgi코리아퇴직연금증권자투자신탁(주식)종류C-Pe2,기업은행,퇴직연금,kcgi,주식,주식,국내
KR5223AE3357,kb퇴직연금배당증권자투자신탁(주식)C-E,기업은행,퇴직연금,KB,주식,배당,국내
K55105BS2072,삼성한국형TDF2030증권투자신탁H[주식혼합-재간접형]C-Pe,하나은행,연금저축,삼성,주식혼합,TDF,글로벌
K55370BU1979,AB글로벌고수익증권투자신탁(채권-재간접형)종류형Ce-P,하나은행,연금저축,AB,채권,채권,글로벌
K55101BT4394,한국투자TDF알아서2030증권투자신탁(주식혼합-재간접형)(C-Pe),하나은행,연금저축,한국투자,주식혼합,TDF,글로벌
K55213C51049,한화LIFEPLUSTDF2030증권자투자신탁(혼합-재간접형)종류C-PE(연금저축),하나은행,연금저축,한화,혼합,TDF,글로벌
K55213C51262,한화LIFEPLUSTDF2025증권자투자신탁(혼합-재간접형)종류C-PE(연금저축),하나은행,연금저축,한화,혼합,TDF,글로벌
K55301BM8051,미래에셋전략배분TDF2025혼합자산자투자신탁종류C-Pe,하나은행,연금저축,미래에셋,혼합,TDF,글로벌
K55301BM7731,미래에셋전략배분TDF2030혼합자산자투자신탁 종류C-Pe,하나은행,연금저축,미래에셋,혼합,TDF,글로벌
K55301BM7640,미래에셋전략배분TDF2035혼합자산자투자신탁 종류C-Pe,하나은행,연금저축,미래에셋,혼합,TDF,글로벌
K55301BM7459,미래에셋전략배분TDF2040혼합자산자투자신탁 종류C-Pe,하나은행,연금저축,미래에셋,혼합,TDF,글로벌
K55105BS5059,삼성한국형TDF2045증권투자신탁H[주식혼합-재간접형]C-Pe,하나은행,연금저축,삼성,주식혼합,TDF,글로벌
K55301BM7574,미래에셋전략배분TDF2045혼합자산자투자신탁 종류C-Pe,하나은행,연금저축,미래에셋,혼합,TDF,글로벌
K55101BT4436,한국투자TDF알아서2045증권투자신탁(주식혼합-재간접형)(C-Pe),하나은행,연금저축,한국투자,주식혼합,TDF,글로벌
K55105BH1010,삼성클래식아세안연금증권전환형자투자신탁 1[주식]_Ce,하나은행,연금저축,삼성,주식,주식,아시아
K55101BD5217,한국투자웰링턴글로벌퀄리티증권자투자신탁H(주식)(C-Pe),하나은행,연금저축,한국투자,주식,주식,글로벌
K55101BX0164,한국투자글로벌전기차&배터리증권투자신탁(주식)(C-Pe),하나은행,연금저축,한국투자,주식,기술,글로벌
K55101BZ1079,한국투자월스트리트투자은행증권투자신탁 1(주식)(C-Pe),하나은행,연금저축,한국투자,주식,주식,글로벌
K55101CH6269,한국투자크레딧포커스ESG증권자투자신탁 1(채권)(C-Pe),하나은행,연금저축,한국투자,채권,ESG,국내
K55101D20676,한국투자미국배당귀족증권자투자신탁H(주식)(C-Pe),하나은행,연금저축,한국투자,주식,배당,미국
K55101D20874,한국투자미국배당귀족증권자투자신탁UH(주식)(C-Pe),하나은행,연금저축,한국투자,주식,배당,미국
K55101DP7696,한국투자지속가능미국와이드모트증권자투자신탁H(주식)(C-Pe),하나은행,연금저축,한국투자,주식,ESG,미국
K55101DP7886,한국투자지속가능미국와이드모트증권자투자신탁UH(주식)(C-Pe),하나은행,연금저축,한국투자,주식,ESG,미국
K55101E95114,한국투자미국장기국채증권자투자신탁H(채권-재간접형)(C-Pe),하나은행,연금저축,한국투자,채권,국공채,미국
K55101E95247,한국투자미국장기국채증권자투자신탁UH(채권-재간접형)(C-Pe),하나은행,연금저축,한국투자,채권,국공채,미국
K55102BJ9261,하나글로벌인프라증권자투자신탁[주식]ClassC-PE,하나은행,연금저축,하나,주식,주식,글로벌
K55102BT2108,하나신종MMF(S-26)ClassC-PE,하나은행,연금저축,하나,채권,MMF,국내
K55102BT2124,하나클래스원신종MMF(S-36)ClassC-PE,하나은행,연금저축,하나,채권,MMF,국내
K55102BT6562,하나글로벌리츠부동산자투자신탁[재간접형]ClassC-PE,하나은행,연금저축,하나,리츠,리츠,글로벌
K55102C00306,하나글로벌4차산업1등주플러스증권자투자신탁[주식]ClassC-PE,하나은행,연금저축,하나,주식,기술,글로벌
K55102C00520,하나중국1등주플러스증권자투자신탁[주식]ClassC-PE,하나은행,연금저축,하나,주식,주식,중국
K55102C13374,하나PIMCO글로벌인컴혼합자산자투자신탁(H)[재간접형]ClassC-PE,하나은행,연금저축,하나,혼합,채권,글로벌
K55102C83120,하나IT코리아증권자투자신탁 1[주식]ClassC-PE,하나은행,연금저축,하나,주식,기술,국내
K55102D26937,하나글로벌리츠온리원부동산자투자신탁[재간접형]ClassC-PE,하나은행,연금저축,하나,리츠,리츠,글로벌
K55102DU9165,하나미국테크증권자투자신탁(H)[주식-재간접형]ClassC-PE,하나은행,연금저축,하나,주식,기술,미국
K55102E62419,하나K-ing증권투자신탁[주식]ClassC-PE,하나은행,연금저축,하나,주식,주식,국내
K55102EA3104,하나필연성장자산배분EMP증권투자신탁[주식혼합-재간접형]ClassC-PE,하나은행,연금저축,하나,주식혼합,EMP,글로벌
K55102ED7201,하나더넥스트TDF2030증권투자신탁[혼합-재간접형]ClassC-PE,하나은행,연금저축,하나,혼합,TDF,글로벌
K55102ED7375,하나더넥스트TDF2035증권투자신탁[혼합-재간접형]ClassC-PE,하나은행,연금저축,하나,혼합,TDF,글로벌
K55102ED7540,하나더넥스트TDF2040증권투자신탁[혼합-재간접형]ClassC-PE,하나은행,연금저축,하나,혼합,TDF,글로벌
K55102ED7722,하나더넥스트TDF2045증권투자신탁[혼합-재간접형]ClassC-PE,하나은행,연금저축,하나,혼합,TDF,글로벌
K55102ED7896,하나더넥스트TDF2050증권투자신탁[혼합-재간접형]ClassC-PE,하나은행,연금저축,하나,혼합,TDF,글로벌
K55102ED8076,하나더넥스트TDF2055증권투자신탁[혼합-재간접형]ClassC-PE,하나은행,연금저축,하나,혼합,TDF,글로벌
K55102EF3612,하나크레딧플러스알파증권자투자신탁[채권]ClassC-PE,하나은행,연금저축,하나,채권,채권,국내
K55105B00871,삼성클래식중국본토중소형FOCUS연금증권자투자신탁H[주식]_Ce,하나은행,연금저축,삼성,주식,중소형,중국
K55105BG6820,삼성클래식30연금증권전환형자투자신탁 1[채권혼합]_Ce,하나은행,연금저축,삼성,채권혼합,채권,국내
K55105BG6945,삼성클래식연금증권전환형자투자신탁 1[주식]_Ce,하나은행,연금저축,삼성,주식,주식,국내
K55105BG6960,삼성클래식인덱스연금증권전환형투자신탁 1[주식]_Ce,하나은행,연금저축,삼성,주식,인덱스,국내
K55105BH0889,삼성클래식연금증권전환형투자신탁 1[채권]Ce,하나은행,연금저축,삼성,채권,채권,국내
K55105BH0970,삼성클래식60연금증권전환형자투자신탁 1[주식혼합]Ce,하나은행,연금저축,삼성,주식혼합,주식,국내
K55105BS8111,삼성픽테로보틱스증권자투자신탁H[주식-재간접형]C-Pe,하나은행,연금저축,삼성,주식,기술,글로벌
K55105BS8129,삼성픽테로보틱스증권자투자신탁UH[주식-재간접형]_C-Pe,하나은행,연금저축,삼성,주식,기술,글로벌
K55105DF9781,삼성글로벌클린에너지증권자투자신탁 1[주식-재간접형]C-Pe,하나은행,연금저축,삼성,주식,ESG,글로벌
K55105DK2722,삼성글로벌메타버스증권자투자신탁H[주식]_C-Pe,하나은행,연금저축,삼성,주식,기술,글로벌
K55105DK2888,삼성글로벌메타버스증권자투자신탁UH[주식]_C-Pe,하나은행,연금저축,삼성,주식,기술,글로벌
K55105DN1572,삼성글로벌반도체증권자투자신탁H[주식]_C-Pe,하나은행,연금저축,삼성,주식,기술,글로벌
K55105DN1770,삼성글로벌반도체증권자투자신탁UH[주식]_C-Pe,하나은행,연금저축,삼성,주식,기술,글로벌
K55105DR1693,삼성글로벌배당귀족ESG증권자투자신탁H[주식]C-Pe,하나은행,연금저축,삼성,주식,ESG,글로벌
K55105DR1859,삼성글로벌배당귀족ESG증권자투자신탁UH[주식]_C-Pe,하나은행,연금저축,삼성,주식,ESG,글로벌
K55107BU0237,우리중소형고배당증권자투자신탁 1(주식)ClassC-P1e,하나은행,연금저축,우리,주식,배당,국내
K55107BU0252,우리하이플러스채권증권자투자신탁 1(채권)ClassC-P1e,하나은행,연금저축,우리,채권,채권,국내
K55107EA9247,우리나라초단기채권증권투자신탁[채권]ClassC-P1e,하나은행,연금저축,우리,채권,단기,국내
K55206BU2555,키움차세대모빌리티증권자투자신탁 1[주식]C-Pe,하나은행,연금저축,키움,주식,기술,국내
K55206BW7669,키움글로벌파도타기EMP증권투자신탁[주식혼합-재간접형]C-Pe,하나은행,연금저축,키움,주식혼합,EMP,글로벌
K55206C11278,키움더드림단기채증권투자신탁[채권]C-Pe,하나은행,연금저축,키움,채권,단기,국내
K55206CQ7351,키움올바른ESG증권투자신탁 1[주식] Class C-Pe,하나은행,연금저축,키움,주식,ESG,국내
K55206DZ7102,키움New스마트인베스터분할매수증권투자신탁 1[혼합-재간접형]ClassC-Pe,하나은행,연금저축,키움,혼합,주식,국내
K55206E15226,키움나스닥100ETFSmartInvestor분할매수증권투자신탁[혼합-재간접형]ClassC-Pe,하나은행,연금저축,키움,혼합,기술,미국
K55206E56618,키움키워드림TDF2055증권투자신탁 1[혼합-재간접형]ClassC-Pe,하나은행,연금저축,키움,혼합,TDF,글로벌
K55206E98859,키움글로벌반도체SmartInvestor분할매수증권투자신탁[혼합-재간접형]ClassC-Pe,하나은행,연금저축,키움,혼합,기술,미국
K55206EA0246,키움초단기채증권투자신탁[채권]ClassC-Pe,하나은행,연금저축,키움,채권,단기,국내
K55207BT6277,교보악사파워인덱스증권투자신탁 1(주식-파생형)ClassC-P2e,하나은행,연금저축,교보악사,주식,인덱스,국내
K55207BT8034,교보악사로보테크증권자투자신탁 1(H)[주식]ClassC-Pe,하나은행,연금저축,교보악사,주식,기술,글로벌
K55207BU0699,교보악사Tomorrow장기우량증권투자신탁K-1(채권)ClassC-P2e,하나은행,연금저축,교보악사,채권,장기,국내
K55207D44267,교보악사삼성전자투게더증권투자신탁[채권혼합]ClassC-Pe(연금),하나은행,연금저축,교보악사,채권혼합,채권,국내
K55209BG6221,신영밸류고배당증권자투자신탁(주식)C-Pe형,하나은행,연금저축,신영,주식,배당,국내
K55209BT8966,신영고배당30증권투자신탁(채권혼합)C-Pe,하나은행,연금저축,신영,채권혼합,배당,국내
K55210C28001,신한중소형주알파증권자투자신탁[주식](종류C-pe),하나은행,연금저축,신한,주식,중소형,국내
K55210CY1002,신한삼성전자알파증권자투자신탁 1[채권혼합](종류C-pe),하나은행,연금저축,신한,채권혼합,채권,국내
K55210E77483,신한빅사이클자산배분증권자투자신탁[주식혼합-파생형](종류C-pe),하나은행,연금저축,신한,주식혼합,주식,미국
K55210EE2770,신한베스트중단기증권자투자신탁[채권](종류C-pe),하나은행,연금저축,신한,채권,ESG,국내
K55213C50546,한화LIFEPLUSTDF2020증권자투자신탁(혼합-재간접형)종류C-PE(연금저축),하나은행,연금저축,한화,혼합,TDF,글로벌
K55213C50686,한화LIFEPLUSTDF2045증권투자신탁(혼합-재간접형)종류C-PE,하나은행,연금저축,한화,혼합,TDF,글로벌
K55213C51874,한화LIFEPLUSTDF2040증권자투자신탁(혼합-재간접형)종류C-PE,하나은행,연금저축,한화,혼합,TDF,글로벌
K55213DD7364,한화그린히어로증권자투자신탁(채권혼합)C-Pe(연금저축),하나은행,연금저축,한화,채권혼합,채권,국내
K55214B25852,유진챔피언공모주증권투자신탁 1(주식혼합) ClassC-P,하나은행,연금저축,유진,주식혼합,주식,국내
K55214B30803,유진챔피언단기채증권자투자신탁(채권)ClassC-Pe,하나은행,연금저축,유진,채권,단기,국내
K55214CD4809,유진챔피언중단기채증권자투자신탁(채권)ClassC-Pe,하나은행,연금저축,유진,채권,단기,국내
K55223BW3824,KB스타코스닥150인덱스증권자투자신탁(주식-파생형)C-Pe클래스,하나은행,연금저축,KB,주식,인덱스,국내
K55223C05630,KB스타미국나스닥100인덱스증권자투자신탁(주식-파생형)(H)C-Pe,하나은행,연금저축,KB,주식,인덱스,미국
K55223C89204,KB통중국4차산업증권자투자신탁(주식)C-Pe,하나은행,연금저축,KB,주식,기술,중국
K55223CN9433,KB스타베트남VN30인덱스증권자투자신탁(주식-파생형)C-Pe,하나은행,연금저축,KB,주식,인덱스,베트남
K55223DF4961,KB글로벌클린에너지수소경제증권자투자신탁(주식)C-Pe,하나은행,연금저축,KB,주식,기술,글로벌
K55223DS0337,KB스타미국S&P500인덱스증권자투자신탁(주식-파생형)클래스C-Pe,하나은행,연금저축,KB,주식,인덱스,미국
K55223E80928,KB핵심성장자산배분증권자투자신탁(주식혼합)C-Pe,하나은행,연금저축,KB,주식혼합,주식,글로벌
K55228BT5076,우리PIMCO글로벌투자등급자투자신탁[채권_재간접형](H)ClassPe2,하나은행,연금저축,우리,채권,채권,글로벌
K55229BT3864,이스트스프링개인신종MMF 1[국공채]클래스C-P2(연금저축)E,하나은행,연금저축,이스트스프링,채권,MMF,국내
K55229BX9378,이스트스프링골드리치특별자산투자신탁[금-파생형]클래스C-P2(연금저축)E,하나은행,연금저축,이스트스프링,원자재,원자재,글로벌
K55230D81030,슈로더글로벌지속가능성장주증권투자신탁(주식-재간접형)종류C-Pe,하나은행,연금저축,슈로더,주식,ESG,글로벌
K55232BU5739,NH-Amundi국채10년인덱스증권자투자신탁[채권]Class C-P1e(연금저축),하나은행,연금저축,NH-Amundi,채권,인덱스,국내
K55232C70312,NH-Amundi글로벌혁신기업증권자투자신탁(H)[주식]ClassC-P1e(연금저축),하나은행,연금저축,NH-Amundi,주식,주식,글로벌
K55232C70460,NH-Amundi글로벌혁신기업증권자투자신탁(UH)[주식]ClassC-P1e,하나은행,연금저축,NH-Amundi,주식,주식,글로벌
K55232C99568,NH-Amundi필승코리아증권투자신탁[주식]ClassC-P1e(연금저축),하나은행,연금저축,NH-Amundi,주식,기술,국내
K55232DI0759,NH-Amundi글로벌우주항공증권자투자신탁(H)[주식]ClassC-P1e(연금저축),하나은행,연금저축,NH-Amundi,주식,기술,글로벌
K55232DI0940,NH-Amundi글로벌우주항공증권자투자신탁(UH)[주식]ClassC-P1e(연금저축),하나은행,연금저축,NH-Amundi,주식,기술,글로벌
K55234CJ0971,IBK플레인바닐라EMP증권투자신탁[혼합-재간접형]종류C-Pe,하나은행,연금저축,IBK,혼합,EMP,글로벌
K55234DJ4477,IBK인컴바닐라EMP증권자투자신탁[혼합-재간접형]종류C-Pe,하나은행,연금저축,IBK,혼합,EMP,글로벌
K55235B04308,피델리티글로벌금융주증권자투자신탁(주식-재간접형)PRS-e,하나은행,연금저축,피델리티,주식,주식,글로벌
K55235B40039,피델리티글로벌테크놀로지증권자투자신탁(주식-재간접형)종류PRS-e,하나은행,연금저축,피델리티,주식,기술,글로벌
K55235B96163,피델리티인디아증권자투자신탁(주식-재간접형)종류PRS-e,하나은행,연금저축,피델리티,주식,주식,인도
K55235CX1061,피델리티미달러채권증권자투자신탁H(채권-재간접형)종류PRS-e,하나은행,연금저축,피델리티,채권,채권,미국
K55236BG3001,한국밸류10년투자증권투자신탁 1(채권혼합)종류C-Pe,하나은행,연금저축,한국밸류,채권혼합,채권,국내
K55236BG3266,한국밸류10년투자연금증권전환형자투자신탁 1(채권)종류C-E,하나은행,연금저축,한국밸류,채권,채권,국내
K55236BG3274,한국밸류10년투자연금증권전환형투자신탁 1(주식)C-E,하나은행,연금저축,한국밸류,주식,주식,국내
K55240CP8176,BNK스팩&공모주30증권투자신탁 1(채권혼합)ClassC-Pe,하나은행,연금저축,BNK,채권혼합,채권,국내
K55301B09117,미래에셋차이나H인덱스증권자투자신탁 1(주식)종류C-Pe,하나은행,연금저축,미래에셋,주식,인덱스,중국
K55301B47299,미래에셋연금한국헬스케어증권자투자신탁 1(주식)종류C-Pe,하나은행,연금저축,미래에셋,주식,기술,국내
K55301B51572,미래에셋미국블루칩인덱스증권투자신탁 1(주식)종류C-Pe,하나은행,연금저축,미래에셋,주식,인덱스,미국
K55301B58643,미래에셋인도중소형포커스증권자투자신탁 1(주식)종류C-Pe,하나은행,연금저축,미래에셋,주식,중소형,인도
K55301BU4175,미래에셋개인전용MMF 1(국공채)종류C-Pe,하나은행,연금저축,미래에셋,채권,MMF,국내
K55301BV3002,미래에셋라이프사이클2030연금증권전환형자투자신탁 1(주식)종류C-e,하나은행,연금저축,미래에셋,주식,EMP,국내
K55301BV3044,미래에셋라이프사이클3040연금증권전환형자투자신탁 1(주식혼합)종류C-e,하나은행,연금저축,미래에셋,주식혼합,주식,글로벌
K55301BV3085,미래에셋라이프사이클4050연금증권전환형자투자신탁 1(주식혼합)종류C-e,하나은행,연금저축,미래에셋,주식혼합,주식,글로벌
K55301BV3101,미래에셋라이프사이클5060연금증권전환형자투자신탁 1(채권혼합)종류C-e,하나은행,연금저축,미래에셋,채권혼합,채권,글로벌
K55301BV3143,미래에셋라이프사이클7090연금증권전환형자투자신탁 1(채권)종류C-e,하나은행,연금저축,미래에셋,채권,채권,글로벌
K55301C62528,미래에셋글로벌코어테크EMP증권자투자신탁(주식-재간접형)종류C-Pe,하나은행,연금저축,미래에셋,주식,EMP,글로벌
K55301CH3249,미래에셋단기채알파증권자투자신탁(채권혼합)종류C-Pe,하나은행,연금저축,미래에셋,채권혼합,단기,국내
K55301CQ5219,미래에셋친디아컨슈머증권투자신탁 1(주식)종류C-Pe,하나은행,연금저축,미래에셋,주식,주식,아시아
K55301CW6482,미래에셋코어테크증권자투자신탁(주식)종류C-Pe,하나은행,연금저축,미래에셋,주식,기술,국내
K55301E22130,미래에셋아시아하드웨어테크증권투자신탁(주식)종류C-Pe,하나은행,연금저축,미래에셋,주식,기술,아시아
K55303BT4135,마이다스책임투자증권투자신탁(주식)C-Pe1,하나은행,연금저축,마이다스,주식,ESG,국내
K55303CR9010,마이다스아시아리더스성장주증권자투자신탁(H)(주식)C-Pe1,하나은행,연금저축,마이다스,주식,주식,아시아
K55303D98245,마이다스아시아리더스성장주증권자투자신탁(UH)(주식)C-Pe1,하나은행,연금저축,마이다스,주식,주식,아시아
K55306BT9453,다올중국1등주증권자투자신탁[주식]종류C-Pe,하나은행,연금저축,다올,주식,주식,중국
K55306BT9511,다올글로벌빅테크1등주증권투자신탁[주식]종류C-Pe,하나은행,연금저축,다올,주식,기술,글로벌
K55306CW0001,다올글로벌멀티에셋인컴EMP증권자투자신탁[혼합-재간접형](공)종류C-Pe,하나은행,연금저축,다올,혼합,EMP,글로벌
K55306DW8441,다올JP모건글로벌투자적격등급회사채증권자투자신탁(H)[채권-재간접형]종류C-P,하나은행,연금저축,다올,채권,채권,글로벌
K55306DW8623,다올JP모건글로벌투자적격등급회사채증권자투자신탁(UH)[채권-재간접형]종류C-Pe,하나은행,연금저축,다올,채권,채권,글로벌
K55307BC6945,유리베트남알파연금저축증권자투자신탁[주식]_C/C-e,하나은행,연금저축,유리,주식,주식,베트남
K55307D05134,유리필라델피아반도체인덱스증권자투자신탁H[주식]ClassC-P2e,하나은행,연금저축,유리,주식,인덱스,글로벌
K55307D06041,유리필라델피아반도체인덱스증권자투자신탁UH[주식]_ClassC-P2e,하나은행,연금저축,유리,주식,인덱스,글로벌
K55307D74510,유리글로벌거래소증권자투자신탁 1[주식]_C/C-P2e,하나은행,연금저축,유리,주식,주식,글로벌
K55307DH1659,유리글로벌Top10주식과단기채증권자투자신탁[채권혼합]_ClassC-P2e,하나은행,연금저축,유리,채권혼합,단기,글로벌
K55307E09845,유리빠른환매미국성장주증권투자신탁[주식-재간접형]C-P2e,하나은행,연금저축,유리,주식,주식,미국
K55363BC7076,트러스톤공모주알파증권투자신탁[채권혼합]Cp-E클래스,하나은행,연금저축,트러스톤,채권혼합,채권,국내
K55363DD7958,트러스톤ESG지배구조레벨업증권자투자신탁[주식]Cp-E클래스,하나은행,연금저축,트러스톤,주식,ESG,국내
K55366BU9614,iM에셋월드광업주증권자투자신탁(주식-재간접형)(H)(C-Pe),하나은행,연금저축,iM에셋,주식,주식,글로벌
K55366BU9705,iM에셋월드에너지증권자투자신탁(주식-재간접형)(H)(C-Pe),하나은행,연금저축,iM에셋,주식,주식,글로벌
K55370BU1755,AB미국그로스증권투자신탁(주식-재간접형)종류형Ce-P,하나은행,연금저축,AB,주식,주식,미국
KR5101AT3514,한국투자골드플랜글로벌이머징연금증권전환형자투자신탁 1(주식)(C-e),하나은행,연금저축,한국투자,주식,주식,글로벌
KR5101AT3522,한국투자골드플랜네비게이터연금증권전환형투자신탁 1(주식)(C-e),하나은행,연금저축,한국투자,주식,주식,국내
KR5101AT3548,한국투자골드플랜브릭스연금증권전환형자투자신탁 1(주식)(C-e),하나은행,연금저축,한국투자,주식,주식,브릭스
KR5101AT3563,한국투자골드플랜연금증권전환형투자신탁 1(국공채)(C-e),하나은행,연금저축,한국투자,채권,국공채,국내
KR5101AT3571,한국투자골드플랜연금증권전환형투자신탁 1(주식)(C-e),하나은행,연금저축,한국투자,주식,주식,국내
KR5101AT3589,한국투자골드플랜연금증권전환형투자신탁 1(주식혼합)(C-e),하나은행,연금저축,한국투자,주식혼합,주식,국내
KR5101AU0509,한국투자삼성TOP3증권자투자신탁 1(채권혼합)(C-Pe),하나은행,연금저축,한국투자,채권혼합,채권,국내
KR5102314204,하나인Best연금증권자투자신탁 1[채권],하나은행,연금저축,하나,채권,채권,국내
KR5102314212,하나인Best연금증권투자신탁 1[주식],하나은행,연금저축,하나,주식,주식,국내
KR5102314352,하나인Best연금증권투자신탁 1[국공채],하나은행,연금저축,하나,채권,국공채,국내
KR5102A54345,하나인Best연금China증권자투자신탁[주식],하나은행,연금저축,하나,주식,주식,중국
KR5105AH6400,삼성클래식차이나본토연금증권자투자신탁H[주식]_Ce,하나은행,연금저축,삼성,주식,주식,중국
KR5213AI2357,한화연금저축글로벌헬스케어증권자투자신탁(주식)C-e,하나은행,연금저축,한화,주식,기술,글로벌
KR5230AR3486,슈로더유로연금증권자투자신탁(주식-재간접형)종류C-e,하나은행,연금저축,슈로더,주식,주식,유럽
KR5235A52487,피델리티연금아시아증권전환형자투자신탁(주식)종류C-e,하나은행,연금저축,피델리티,주식,주식,아시아
KR5235A52511,피델리티연금미국증권전환형자투자신탁(주식-재간접형)종류C-e,하나은행,연금저축,피델리티,주식,주식,미국
KR5235A52578,피델리티연금아시아하이일드증권전환형자투자신탁(채권-재간접형)종류C-e,하나은행,연금저축,피델리티,채권,채권,아시아
KR5235AK9691,피델리티유럽증권자투자신탁(주식-재간접형)PRS-e,하나은행,연금저축,피델리티,주식,주식,유럽
KR5235AK9774,피델리티차이나컨슈머증권자투자신탁(주식-재간접형)종류PRS-e,하나은행,연금저축,피델리티,주식,주식,중국
KR5235AK9808,피델리티글로벌배당인컴증권자투자신탁(주식-재간접형)종류PRS-e,하나은행,연금저축,피델리티,주식,배당,글로벌
KR5301AK5995,미래에셋배당커버드콜액티브연금저축증권전환형자투자신탁 1(주식혼합)종류C-e,하나은행,연금저축,미래에셋,주식혼합,배당,국내
KR5301AK6274,미래에셋고배당포커스연금저축증권전환형자투자신탁 1(주식)종류C-e,하나은행,연금저축,미래에셋,주식,배당,국내
KR5301AL4401,미래에셋코어밸류연금저축증권전환형자투자신탁 1(주식)종류C-e,하나은행,연금저축,미래에셋,주식,주식,국내
KR5301AT1938,미래에셋글로벌그레이트컨슈머연금증권전환형자투자신탁 1(주식)종류C-e,하나은행,연금저축,미래에셋,주식,주식,글로벌
KR5301AT1987,미래에셋글로벌다이나믹연금증권전환형자투자신탁 1(채권)종류C-e,하나은행,연금저축,미래에셋,채권,채권,글로벌
KR5364AH9467,에셋플러스글로벌리치투게더연금증권자투자신탁 1[주식] 종류Ce,하나은행,연금저축,에셋플러스,주식,주식,글로벌
K55306CV9946,다올글로벌멀티에셋인컴EMP증권자투자신탁[혼합-재간접형](공)종류Ce,하나은행,일반,다올,혼합,EMP,글로벌
KR5101888398,한국투자크레딧포커스ESG증권자투자신탁 1(채권)(C-e),하나은행,일반,한국투자,채권,ESG,국내
KR5236AS4826,한국밸류10년투자증권투자신탁 1(채권혼합)종류C-E,하나은행,일반,한국밸류,채권혼합,채권,국내
KR5370AP9956,AB글로벌고수익증권투자신탁(채권-재간접형)종류형Ce,하나은행,일반,AB,채권,채권,글로벌
KR5303AL4276,마이다스거북이90증권자투자신탁 1(주식)Ce,기업은행,일반,마이다스,주식,주식,국내
K55101E95072,한국투자미국장기국채증권자투자신탁H(채권-재간접형)(C-e),기업은행,일반,한국투자,채권,국공채,미국
KR5225A89035,미래에셋배당커버드콜액티브증권자투자신탁(주식혼합)종류C-e,기업은행,일반,미래에셋,주식혼합,배당,국내
K55301BA7040,미래에셋글로벌솔루션증권자투자신탁(주식-재간접형)종류C-e,기업은행,일반,미래에셋,주식,주식,글로벌
KR5236AN0936,한국밸류10년투자배당증권자투자신탁(주식)종류C-E,기업은행,일반,한국밸류,주식,배당,국내
KR5209950314,신영밸류고배당증권자투자신탁(주식)e형,기업은행,일반,신영,주식,배당,국내
KR5234769887,IBK골드마이닝증권자투자신탁 1[주식]종류Ce,기업은행,일반,IBK,주식,원자재,글로벌
K55240D58714,BNK삼성전자중소형증권투자신탁 1(주식)ClassC-e,기업은행,일반,BNK,주식,주식,국내
K55306BO8724,다올글로벌빅테크1등주증권투자신탁[주식]종류Ce,기업은행,일반,다올,주식,기술,글로벌
KR5101753360,한국투자네비게이터증권투자신탁 1(주식)(C-e),기업은행,일반,한국투자,주식,주식,국내
KR5365AJ4440,KCGI코리아증권투자신탁 1[주식]종류Ce,기업은행,일반,KCGI,주식,주식,국내
K55207BU0681,교보악사Tomorrow장기우량증권투자신탁K- 1(채권)ClassC-Pe,기업은행,퇴직연금,교보악사,채권,장기,국내
K55210BT8575,신한상대가치장기증권자투자신탁[채권](종류C-re),기업은행,퇴직연금,신한,채권,장기,국내
K55234BW7319,IBK그랑프리장기채증권자투자신탁[채권]종류C-Re,기업은행,퇴직연금,IBK,채권,장기,국내
K55105CH3411,삼성달러표시단기채권증권자투자신탁UH[채권]Cpe(퇴직연금),기업은행,퇴직연금,삼성,채권,단기,글로벌
K55301CC8789,미래에셋미국달러채권증권자투자신탁 1(UH)(채권)종류C-P2e,기업은행,퇴직연금,미래에셋,채권,채권,미국
K55301BU3011,미래에셋퇴직플랜증권자투자신탁 1(채권)종류C-P2e,기업은행,퇴직연금,미래에셋,채권,채권,국내
K55214BU9535,유진챔피언단기채증권자투자신탁(채권) Class C-Pe2,기업은행,퇴직연금,유진,채권,단기,국내
K55234BZ0204,IBK단기국공채증권자투자신탁[채권]종류C-Re,기업은행,퇴직연금,IBK,채권,국공채,국내
K55101BT5797,한국투자퇴직연금증권자투자신탁 1(국공채)(C-e),기업은행,퇴직연금,한국투자,채권,국공채,국내
K55234E28379,IBK그랑프리국공채MMF법인투자신탁 1[국공채]종류C-Pe,기업은행,퇴직연금,IBK,채권,MMF,국내
K55223BU8809,KB유로인덱스40증권자투자신탁(채권혼합-파생형)C-퇴직e,기업은행,퇴직연금,KB,채권혼합,인덱스,유럽
K55301BV2426,미래에셋연금인디아업종대표증권자투자신탁 1(주식)종류C-P2e,기업은행,퇴직연금,미래에셋,주식,주식,인도
K55301ED9677,미래에셋인디아솔로몬증권투자신탁 1(주식)종류C-P2e,기업은행,퇴직연금,미래에셋,주식,주식,인도
K55105BU7648,삼성퇴직연금인디아40증권자투자신탁 1[채권혼합]Ce,기업은행,퇴직연금,삼성,채권혼합,채권,인도
K55229BU7193,이스트스프링차이나드래곤AShare40증권자투자신탁(H)[채권혼합]클래스C-P(퇴직연금)E,기업은행,퇴직연금,이스트스프링,채권혼합,채권,중국
K55301BX0493,미래에셋차이나그로스증권자투자신탁 1(주식)종류C-P2e,기업은행,퇴직연금,미래에셋,주식,주식,중국
K55105BV3695,삼성누버거버먼차이나증권자투자신탁H[주식-재간접형]Cpe(퇴직연금),기업은행,퇴직연금,삼성,주식,주식,중국
K55223BV4542,KB중국본토A주증권자투자신탁(주식)C-퇴직e,기업은행,퇴직연금,KB,주식,주식,중국
K55105BU5964,삼성퇴직연금CHINA본토포커스40증권자투자신탁 1[채권혼합]_Ce,기업은행,퇴직연금,삼성,채권혼합,채권,중국
K55301BW1138,미래에셋퇴직플랜BRICs업종대표40증권자투자신탁 1(채권혼합)종류C-P2e,기업은행,퇴직연금,미래에셋,채권혼합,채권,브릭스
K55214CD4825,유진챔피언중단기채증권자투자신탁(채권)ClassC-Re,기업은행,퇴직연금,유진,채권,단기,국내
K55101BV9571,한국투자크레딧포커스ESG증권자투자신탁 1(채권)(C-Re),기업은행,퇴직연금,한국투자,채권,채권,국내
KR5232AT9794,NH-Amundi국채10년인덱스증권자투자신탁[채권]ClassCe,삼성증권,일반,NH-Amundi,채권,인덱스,국내
K55105CJ7634,삼성ABF코리아장기채권인덱스증권투자신탁[채권]Re,삼성증권,일반,삼성,채권,인덱스,국내
KR5207AW8081,교보악사Tomorrow장기우량증권투자신탁K -1(채권)ClassCE,삼성증권,일반,교보악사,채권,장기,국내
KR5207926548,교보악사Tomorrow장기우량증권자투자신탁 2(채권)Class Ce,삼성증권,일반,교보악사,채권,장기,국내
KR5301932657,미래에셋솔로몬장기국공채증권자투자신탁 1(채권)종류C-e,삼성증권,일반,미래에셋,채권,국공채,국내
K55105CS2345,삼성코리아중기채권증권자투자신탁 1[채권]_Ce,삼성증권,일반,삼성,채권,장기,국내
K55303CK1428,마이다스우량채권증권자투자신탁 1(채권)Ce,삼성증권,일반,마이다스,채권,채권,국내
K55224BT5393,흥국멀티크레딧증권자투자신탁[채권]C-e,삼성증권,일반,흥국,채권,채권,국내
K55105CL1898,삼성코리아단기채권증권자투자신탁 1[채권]Ce,삼성증권,일반,삼성,채권,단기,국내
K55239B01637,현대인베스트먼트하이킥중소형증권투자신탁 1(채권혼합)C-e,삼성증권,일반,현대인베스트먼트,채권혼합,채권,국내
K55368DH8312,iM에셋똑똑공모주알파증권투자신탁(채권혼합)Ce,삼성증권,일반,iM에셋,채권혼합,채권,국내
K55239CD6722,현대인베스트먼트공모주하이일드증권투자신탁 1(채권혼합)C-e,삼성증권,일반,현대인베스트먼트,채권혼합,채권,국내
K55224CB2399,흥국공모주하이일드증권투자신탁[채권혼합]C-e,삼성증권,일반,흥국,채권혼합,채권,국내
K55207CE2272,교보악사공모주하이일드플러스증권투자신탁[채권혼합]ClassCe,삼성증권,일반,교보악사,채권혼합,채권,국내
K55239C57090,현대인베스트코스닥벤처증권투자신탁 1(주식혼합)C-e,삼성증권,일반,현대인베스트먼트,주식혼합,주식,국내
KR5303AC8997,마이다스거북이50증권자투자신탁 1(주식혼합)Ce,삼성증권,일반,마이다스,주식혼합,주식,국내
K55105BM3316,삼성EMP글로벌로테이션성과보수증권자투자신탁[주식혼합-재간접형]_Ce,삼성증권,일반,삼성,주식혼합,EMP,글로벌
K55105BW3348,삼성EMP글로벌로테이션증권자투자신탁[주식혼합-재간접형]Ce,삼성증권,일반,삼성,주식혼합,EMP,글로벌
K55105BI4468,삼성글로벌리얼리턴증권자투자신탁UH[주식혼합-재간접형]_Ce,삼성증권,일반,삼성,주식혼합,주식,글로벌
KR5210756502,신한인디아증권자투자신탁(H)[주식](종류C-e),삼성증권,일반,신한,주식,주식,인도
K55363C09479,트러스톤핀셋중소형증권자투자신탁[주식]Ce클래스,삼성증권,일반,트러스톤,주식,중소형,국내
KR5101717738,한국투자중소밸류증권자투자신탁(주식)(C-e),삼성증권,일반,한국투자,주식,주식,국내
KR5105952034,삼성인디아증권자투자신탁 3[주식-파생형](Ce),삼성증권,일반,삼성,주식,주식,인도
KR5235A99637,피델리티인디아증권자투자신탁(주식-재간접형)종류C-e,삼성증권,일반,피델리티,주식,주식,인도
K55301BY0096,미래에셋친디아업종대표리치플랜증권자투자신탁 1(주식)종류C-e,삼성증권,일반,미래에셋,주식,주식,아시아
KR5105926012,삼성인디아증권자투자신탁 2[주식](Ce),삼성증권,일반,삼성,주식,주식,인도
K55302B62742,베어링독일증권자투자신탁[UH](주식-재간접형)ClassCe,삼성증권,일반,베어링,주식,주식,유럽
KR5237188531,한화유럽대표증권자투자신탁(UH)(주식-재간접형)C-E클래스,삼성증권,일반,한화,주식,주식,유럽
K55105BC3920,삼성유럽ESG증권자투자신탁UH[주식]_Ce,삼성증권,일반,삼성,주식,ESG,유럽
K55105B36545,삼성일본중소형FOCUS증권자투자신탁UH[주식]_Ce,삼성증권,일반,삼성,주식,중소형,일본
KR5217932098,우리재팬증권자투자신탁(UH)(주식)ClassC-e,삼성증권,일반,우리,주식,주식,일본
KR5105819183,삼성일본리더스증권전환형자투자신탁2[주식](Ce),삼성증권,일반,삼성,주식,주식,일본
K55105B93348,삼성아시아배당주증권자투자신탁UH[주식]_Ce,삼성증권,일반,삼성,주식,배당,아시아
K55105B21984,삼성아문디유럽중소형증권자투자신탁UH[주식-재간접형]_Ce,삼성증권,일반,삼성,주식,중소형,유럽
KR5229994524,이스트스프링유러피언리더스증권자투자신탁[주식-재간접형]클래스C-E,삼성증권,일반,이스트스프링,주식,주식,유럽
K55210DN7035,신한K리츠인프라부동산투자신탁[재간접형](종류C-e),삼성증권,일반,신한,리츠,리츠,국내
K55102BU6221,하나아시안리츠부동산투자신탁[재간접형]ClassC-E,삼성증권,일반,하나,리츠,리츠,아시아
KR5223698378,KB스타유로인덱스증권자투자신탁(주식-파생형)C-E,삼성증권,일반,KB,주식,인덱스,유럽
K55107BB0404,우리단기채권증권투자신탁(채권)ClassA-e,삼성증권,일반,우리,채권,단기,국내
KR5214AX8040,유진챔피언단기채증권자투자신탁(채권) Class C-E,삼성증권,일반,유진,채권,단기,국내
K55105BD9041,삼성코리아초단기우량채권증권자투자신탁 1[채권]Ce,삼성증권,일반,삼성,채권,단기,국내
K55213BG9450,한화단기국공채증권자투자신탁(채권)종류C-e,삼성증권,일반,한화,채권,국공채,국내
K55368DQ9830,iM에셋디딤든든EMP증권투자신탁(혼합.재간접형)Ae,삼성증권,일반,iM에셋,혼합,EMP,글로벌
K55368DQ9863,iM에셋디딤든든EMP증권투자신탁(혼합.재간접형)Ce,삼성증권,일반,iM에셋,혼합,EMP,글로벌
K55105EE6464,삼성디딤밀당다람쥐글로벌EMP증권자투자신탁[채권혼합-재간접형]_Ae,삼성증권,일반,삼성,채권혼합,EMP,글로벌
K55105EE6498,삼성디딤밀당다람쥐글로벌EMP증권자투자신탁[채권혼합-재간접형]_Ce,삼성증권,일반,삼성,채권혼합,EMP,글로벌
K55210BR6787,신한마음편한TDF2045증권투자신탁[주식혼합-재간접형](종류C-e),삼성증권,일반,신한,주식혼합,TDF,글로벌
K55210BR6746,신한마음편한TDF2045증권투자신탁[주식혼합-재간접형](종류A-e),삼성증권,일반,신한,주식혼합,TDF,글로벌
K55210CO3760,신한마음편한TDF2050증권투자신탁[주식혼합-재간접형](종류C-e),삼성증권,일반,신한,주식혼합,TDF,글로벌
K55210CO3737,신한마음편한TDF2050증권투자신탁[주식혼합-재간접형](종류A-e),삼성증권,일반,신한,주식혼합,TDF,글로벌
K55105CK1667,삼성한국형TDF2050증권투자신탁UH[주식혼합-재간접형]Ae,삼성증권,일반,삼성,주식혼합,TDF,글로벌
KR5370AP9949,AB글로벌고수익증권투자신탁(채권-재간접형)종류형Ae,삼성증권,일반,AB,채권,채권,글로벌
KR5236AS4818,한국밸류10년투자증권투자신탁 1(주식)종류C-E,삼성증권,일반,한국밸류,주식,주식,국내